İşlem,Hisse Senedi,Adet,Fiyat,Tarih,Sektör
AL,TMSN.IS,97,135.0,2024-01-14 21:28:41,Makine
SAT,TUPRS.IS,22,166.1,2024-06-30 21:28:41,Enerji
SAT,EREGL.IS,56,49.42,2024-04-24 21:28:41,Demir Çelik
SAT,GEDIK.IS,65,14.4,2024-02-12 21:28:41,Finans
SAT,TRKCM.IS,43,51.3,2024-06-24 21:28:41,Cam
AL,AYGAZ.IS,1,176.1,2024-07-14 21:28:41,Enerji
AL,MGROS.IS,49,523.5,2024-04-23 21:28:41,Perakende
SAT,TSPOR.IS,61,2.01,2024-03-10 21:28:41,Spor
SAT,KCHOL.IS,55,221.9,2023-12-20 21:28:41,Holding
AL,GENTS.IS,90,8.34,2024-03-01 21:28:41,İnşaat
AL,SISE.IS,78,48.1,2024-07-06 21:28:41,Cam
SAT,KUTPO.IS,97,82.0,2024-06-22 21:28:41,Gıda
SAT,GENTS.IS,82,8.34,2023-11-25 21:28:41,İnşaat
SAT,ISCTR.IS,13,16.31,2024-04-25 21:28:41,Bankacılık
AL,TIRE.IS,97,35.84,2024-07-17 21:28:41,Gıda
SAT,AKGRT.IS,45,8.39,2024-02-27 21:28:41,Sigorta
SAT,TKNSA.IS,28,34.6,2024-03-16 21:28:41,Tekstil
SAT,KUTPO.IS,68,82.0,2023-12-20 21:28:41,Gıda
AL,FROTO.IS,93,1057.0,2023-11-23 21:28:41,Otomotiv
AL,KONKA.IS,7,48.88,2023-08-21 21:28:41,Elektronik
SAT,DOHOL.IS,7,15.5,2024-03-28 21:28:41,Holding
SAT,TMSN.IS,68,135.0,2024-05-02 21:28:41,Makine
SAT,ECILC.IS,12,50.5,2023-12-18 21:28:41,İlaç
AL,NTGAZ.IS,80,15.79,2024-02-26 21:28:41,Enerji
AL,YESIL.IS,68,4.67,2024-05-19 21:28:41,Holding
SAT,KCHOL.IS,65,221.9,2023-11-20 21:28:41,Holding
SAT,TUPRS.IS,74,166.1,2024-01-09 21:28:41,Enerji
AL,COSMO.IS,35,123.0,2023-07-21 21:28:41,Giyim
SAT,MGROS.IS,80,523.5,2024-04-24 21:28:41,Perakende
SAT,FROTO.IS,83,1057.0,2023-09-28 21:28:41,Otomotiv
SAT,EGSER.IS,20,3.5,2023-08-20 21:28:41,Seramik
SAT,GUBRF.IS,30,143.0,2024-01-31 21:28:41,Gübre
AL,EREGL.IS,55,49.42,2023-09-16 21:28:41,Demir Çelik
AL,PETKM.IS,70,21.2,2023-11-22 21:28:41,Petrokimya
SAT,VAKKO.IS,32,108.5,2024-06-23 21:28:41,Giyim
AL,KFEIN.IS,33,129.27,2023-10-07 21:28:41,Bilişim
AL,PGSUS.IS,95,228.8,2023-11-03 21:28:41,Havacılık
AL,AYGAZ.IS,59,176.1,2024-02-21 21:28:41,Enerji
SAT,AKBNK.IS,89,61.5,2024-05-30 21:28:41,Bankacılık
SAT,MPARK.IS,54,335.75,2024-02-26 21:28:41,Sağlık
AL,SAHOL.IS,61,95.1,2023-09-14 21:28:41,Holding
AL,IZMDC.IS,88,6.59,2024-04-10 21:28:41,Demir Çelik
AL,LUKSK.IS,65,117.6,2023-11-21 21:28:41,Yazılım
SAT,ITTFH.IS,69,34.09,2023-11-28 21:28:41,Holding
AL,MAVI.IS,34,104.9,2023-10-14 21:28:41,Tekstil
SAT,BRSAN.IS,72,474.5,2023-10-13 21:28:41,Çelik Boru
AL,FROTO.IS,1,1057.0,2024-04-10 21:28:41,Otomotiv
AL,BIMAS.IS,12,526.0,2024-01-23 21:28:41,Perakende
SAT,ISCTR.IS,36,16.31,2023-09-13 21:28:41,Bankacılık
AL,ODAS.IS,95,8.43,2023-08-08 21:28:41,Enerji
AL,DAGI.IS,45,8.58,2024-03-19 21:28:41,Tekstil
AL,BRYAT.IS,71,2357.0,2023-09-02 21:28:41,Turizm
SAT,ALGYO.IS,44,43.28,2024-06-23 21:28:41,Gayrimenkul
SAT,VAKKO.IS,8,108.5,2023-08-25 21:28:41,Giyim
SAT,QNBFB.IS,52,345.0,2023-11-27 21:28:41,Bankacılık
AL,DEVA.IS,85,89.68,2024-01-20 21:28:41,İlaç
AL,BLCYT.IS,4,19.03,2023-11-30 21:28:41,Yazılım
AL,SELEC.IS,99,47.34,2024-07-10 21:28:41,Elektronik
AL,SASA.IS,82,44.2,2024-03-01 21:28:41,Tekstil
AL,TKFEN.IS,74,53.25,2024-01-11 21:28:41,İnşaat
SAT,CEMTS.IS,28,11.97,2024-04-03 21:28:41,Çelik
AL,JANTS.IS,59,31.3,2023-09-24 21:28:41,Otomotiv
AL,SISE.IS,33,48.1,2023-12-26 21:28:41,Cam
AL,ISFIN.IS,71,15.43,2024-05-10 21:28:41,Finans
SAT,LUKSK.IS,81,117.6,2024-05-14 21:28:41,Yazılım
SAT,AKBNK.IS,27,61.5,2023-09-16 21:28:41,Bankacılık
SAT,SAHOL.IS,86,95.1,2024-05-04 21:28:41,Holding
SAT,TAVHL.IS,35,244.5,2023-09-06 21:28:41,Havacılık
AL,OZRDN.IS,28,57.95,2024-02-10 21:28:41,Demir Çelik
AL,VAKKO.IS,64,108.5,2024-01-14 21:28:41,Giyim
AL,BRYAT.IS,22,2357.0,2023-12-08 21:28:41,Turizm
SAT,KZBGY.IS,88,24.86,2024-03-09 21:28:41,Gayrimenkul
AL,JANTS.IS,15,31.3,2023-12-13 21:28:41,Otomotiv
SAT,VERTU.IS,61,47.64,2024-03-30 21:28:41,Telekomünikasyon
SAT,SELEC.IS,73,47.34,2024-01-21 21:28:41,Elektronik
AL,MAVI.IS,61,104.9,2023-07-27 21:28:41,Tekstil
SAT,ISGYO.IS,14,15.33,2023-11-28 21:28:41,Gayrimenkul
AL,FLAP.IS,35,7.85,2023-09-13 21:28:41,Bilişim
SAT,TTRAK.IS,83,953.5,2023-10-21 21:28:41,Tarım
AL,PGSUS.IS,21,228.8,2024-05-16 21:28:41,Havacılık
SAT,SAHOL.IS,69,95.1,2024-07-02 21:28:41,Holding
SAT,TUPRS.IS,12,166.1,2024-07-13 21:28:41,Enerji
AL,ALGYO.IS,32,43.28,2023-12-08 21:28:41,Gayrimenkul
SAT,KCHOL.IS,12,221.9,2024-07-15 21:28:41,Holding
SAT,KZBGY.IS,73,24.86,2023-09-08 21:28:41,Gayrimenkul
SAT,BRISA.IS,39,110.7,2023-11-16 21:28:41,Lastik
SAT,DAGI.IS,68,8.58,2024-01-03 21:28:41,Tekstil
SAT,KOZAL.IS,70,21.8,2023-08-24 21:28:41,Madencilik
AL,COSMO.IS,65,123.0,2023-09-07 21:28:41,Giyim
AL,ISCTR.IS,92,16.31,2024-02-09 21:28:41,Bankacılık
AL,MAVI.IS,76,104.9,2023-08-03 21:28:41,Tekstil
SAT,ALGYO.IS,74,43.28,2023-09-30 21:28:41,Gayrimenkul
AL,FROTO.IS,3,1057.0,2023-08-28 21:28:41,Otomotiv
SAT,SAHOL.IS,74,95.1,2024-01-01 21:28:41,Holding
SAT,BRYAT.IS,21,2357.0,2024-03-20 21:28:41,Turizm
SAT,EREGL.IS,17,49.42,2023-10-20 21:28:41,Demir Çelik
SAT,AKGRT.IS,10,8.39,2023-11-30 21:28:41,Sigorta
SAT,VKGYO.IS,6,2.11,2023-09-17 21:28:41,Gayrimenkul
AL,TKFEN.IS,21,53.25,2024-03-09 21:28:41,İnşaat
SAT,KONKA.IS,12,48.88,2024-05-17 21:28:41,Elektronik
SAT,HUBVC.IS,6,10.16,2024-07-15 21:28:41,Bilişim
SAT,SASA.IS,93,44.2,2023-12-30 21:28:41,Tekstil
AL,OTTO.IS,41,286.0,2023-07-21 21:28:41,Otomotiv
SAT,KFEIN.IS,82,129.27,2023-11-25 21:28:41,Bilişim
SAT,TMSN.IS,88,135.0,2023-08-04 21:28:41,Makine
AL,VKGYO.IS,6,2.11,2023-11-24 21:28:41,Gayrimenkul
AL,DOHOL.IS,1,15.5,2023-09-25 21:28:41,Holding
AL,KONKA.IS,75,48.88,2023-10-22 21:28:41,Elektronik
AL,GUSGR.IS,100,99.13,2024-04-27 21:28:41,Gayrimenkul
SAT,TKFEN.IS,56,53.25,2023-09-21 21:28:41,İnşaat
AL,TKFEN.IS,14,53.25,2024-03-15 21:28:41,İnşaat
SAT,ENJSA.IS,67,62.4,2023-11-14 21:28:41,Enerji
AL,PRKAB.IS,39,37.16,2023-08-17 21:28:41,Elektrik
SAT,BLCYT.IS,80,19.03,2023-08-27 21:28:41,Yazılım
AL,NTGAZ.IS,35,15.79,2024-04-23 21:28:41,Enerji
AL,ULUSE.IS,77,166.6,2024-06-19 21:28:41,Lojistik
SAT,JANTS.IS,82,31.3,2024-04-21 21:28:41,Otomotiv
AL,VESTL.IS,44,86.7,2023-12-16 21:28:41,Elektronik
AL,TKNSA.IS,3,34.6,2024-07-07 21:28:41,Tekstil
AL,FROTO.IS,88,1057.0,2024-05-27 21:28:41,Otomotiv
SAT,TKNSA.IS,1,34.6,2023-11-10 21:28:41,Tekstil
SAT,SAYAS.IS,11,65.4,2023-10-11 21:28:41,Makine
SAT,NTGAZ.IS,73,15.79,2023-12-09 21:28:41,Enerji
SAT,GSDHO.IS,92,4.1,2024-07-12 21:28:41,Holding
AL,ODAS.IS,37,8.43,2024-05-28 21:28:41,Enerji
SAT,ITTFH.IS,28,96.61,2024-01-20 21:28:41,Holding
AL,VAKBN.IS,7,23.84,2024-03-01 21:28:41,Bankacılık
SAT,KONKA.IS,18,48.88,2024-03-04 21:28:41,Elektronik
AL,TTRAK.IS,54,953.5,2023-10-06 21:28:41,Tarım
AL,COSMO.IS,10,123.0,2024-06-10 21:28:41,Giyim
AL,NTHOL.IS,66,30.24,2024-07-14 21:28:41,Holding
SAT,VAKBN.IS,10,23.84,2024-01-05 21:28:41,Bankacılık
AL,GSDHO.IS,77,4.1,2023-11-14 21:28:41,Holding
AL,BJKAS.IS,69,31.6,2023-11-03 21:28:41,Spor
SAT,PGSUS.IS,90,228.8,2024-03-14 21:28:41,Havacılık
SAT,AKGRT.IS,96,8.39,2024-06-03 21:28:41,Sigorta
AL,TRKCM.IS,26,72.36,2024-06-10 21:28:41,Cam
SAT,OTKAR.IS,8,622.0,2024-02-04 21:28:41,Otomotiv
AL,TAVHL.IS,51,244.5,2023-10-26 21:28:41,Havacılık
SAT,SASA.IS,38,44.2,2024-04-16 21:28:41,Tekstil
SAT,VESTL.IS,92,86.7,2023-10-12 21:28:41,Elektronik
AL,ENJSA.IS,67,62.4,2024-02-14 21:28:41,Enerji
SAT,TIRE.IS,58,94.4,2024-02-19 21:28:41,Gıda
SAT,EGSER.IS,8,3.5,2024-02-01 21:28:41,Seramik
AL,GSDHO.IS,13,4.1,2024-03-11 21:28:41,Holding
SAT,TOASO.IS,86,295.75,2024-01-05 21:28:41,Otomotiv
SAT,KZBGY.IS,25,24.86,2024-07-04 21:28:41,Gayrimenkul
SAT,TKFEN.IS,43,53.25,2024-03-20 21:28:41,İnşaat
SAT,KCHOL.IS,90,221.9,2023-12-28 21:28:41,Holding
AL,AVISA.IS,29,66.38,2024-04-27 21:28:41,Sigorta
SAT,COSMO.IS,60,123.0,2024-05-23 21:28:41,Giyim
AL,ISCTR.IS,44,16.31,2024-04-12 21:28:41,Bankacılık
SAT,ZOREN.IS,56,5.38,2024-04-09 21:28:41,Enerji
AL,KZBGY.IS,31,24.86,2023-12-26 21:28:41,Gayrimenkul
AL,COSMO.IS,34,123.0,2024-06-28 21:28:41,Giyim
AL,DOAS.IS,19,271.0,2024-05-17 21:28:41,Otomotiv
SAT,FLAP.IS,24,7.85,2024-06-26 21:28:41,Bilişim
AL,NTGAZ.IS,56,15.79,2023-12-22 21:28:41,Enerji
SAT,ULUSE.IS,87,166.6,2024-02-01 21:28:41,Lojistik
SAT,AKSEN.IS,40,48.14,2023-11-08 21:28:41,Enerji
AL,TAVHL.IS,15,244.5,2024-02-27 21:28:41,Havacılık
SAT,RYGYO.IS,60,39.96,2024-02-27 21:28:41,Gayrimenkul
AL,CCOLA.IS,49,803.5,2024-06-09 21:28:41,İçecek
SAT,FLAP.IS,12,7.85,2024-01-21 21:28:41,Bilişim
AL,BIMAS.IS,13,526.0,2024-02-01 21:28:41,Perakende
AL,IZMDC.IS,94,6.59,2024-06-13 21:28:41,Demir Çelik
AL,AGHOL.IS,78,347.0,2023-11-11 21:28:41,Holding
AL,SISE.IS,97,48.1,2024-03-26 21:28:41,Cam
SAT,ECILC.IS,66,50.5,2023-11-06 21:28:41,İlaç
AL,ITTFH.IS,14,67.79,2023-12-08 21:28:41,Holding
SAT,ALARK.IS,52,114.7,2023-07-27 21:28:41,Enerji
AL,TRILC.IS,84,25.38,2023-08-21 21:28:41,İlaç
AL,TCELL.IS,17,97.1,2024-01-12 21:28:41,Telekomünikasyon
SAT,EGSER.IS,67,3.5,2024-04-03 21:28:41,Seramik
AL,YKBNK.IS,93,32.96,2023-11-25 21:28:41,Bankacılık
SAT,NUGYO.IS,84,8.07,2024-05-09 21:28:41,Gayrimenkul
SAT,PETKM.IS,6,21.2,2024-06-26 21:28:41,Petrokimya
AL,KFEIN.IS,62,129.27,2023-09-26 21:28:41,Bilişim
AL,QNBFB.IS,21,345.0,2024-04-21 21:28:41,Bankacılık
SAT,TUPRS.IS,31,166.1,2023-10-16 21:28:41,Enerji
AL,GSDHO.IS,46,4.1,2023-10-07 21:28:41,Holding
SAT,OTKAR.IS,10,622.0,2023-12-04 21:28:41,Otomotiv
SAT,ASELS.IS,39,60.15,2023-12-22 21:28:41,Savunma Sanayi
SAT,YAYLA.IS,94,16.06,2023-12-23 21:28:41,Tarım
AL,YESIL.IS,89,4.67,2024-01-12 21:28:41,Holding
AL,ZOREN.IS,4,5.38,2024-05-28 21:28:41,Enerji
SAT,NTGAZ.IS,57,15.79,2023-07-23 21:28:41,Enerji
SAT,TTRAK.IS,60,953.5,2024-03-31 21:28:41,Tarım
SAT,INVEO.IS,62,3.92,2024-04-13 21:28:41,Finans
SAT,OTKAR.IS,3,622.0,2024-02-27 21:28:41,Otomotiv
AL,ECILC.IS,79,50.5,2023-12-13 21:28:41,İlaç
AL,METRO.IS,68,2.7,2024-05-02 21:28:41,Ulaşım
SAT,EGSER.IS,29,3.5,2023-08-23 21:28:41,Seramik
SAT,DOHOL.IS,54,15.5,2024-01-07 21:28:41,Holding
SAT,TIRE.IS,63,57.73,2023-12-31 21:28:41,Gıda
SAT,SISE.IS,22,48.1,2024-04-19 21:28:41,Cam
AL,SAYAS.IS,76,65.4,2024-07-17 21:28:41,Makine
SAT,KUTPO.IS,31,82.0,2024-05-26 21:28:41,Gıda
AL,PSDTC.IS,94,87.4,2023-08-17 21:28:41,Gübre
AL,VERTU.IS,57,47.64,2023-11-21 21:28:41,Telekomünikasyon
SAT,KRDMD.IS,24,29.3,2024-02-24 21:28:41,Demir Çelik
SAT,ZOREN.IS,60,5.38,2024-01-05 21:28:41,Enerji
AL,TMPOL.IS,96,80.0,2023-11-28 21:28:41,Makine
AL,DOHOL.IS,6,15.5,2024-02-01 21:28:41,Holding
AL,PRKAB.IS,69,37.16,2023-11-12 21:28:41,Elektrik
AL,OTKAR.IS,56,622.0,2023-10-21 21:28:41,Otomotiv
AL,GSDHO.IS,91,4.1,2023-12-01 21:28:41,Holding
SAT,TMSN.IS,87,135.0,2023-09-01 21:28:41,Makine
AL,TRKCM.IS,60,27.87,2023-12-26 21:28:41,Cam
AL,ISGYO.IS,8,15.33,2023-10-04 21:28:41,Gayrimenkul
SAT,AYGAZ.IS,98,176.1,2024-05-30 21:28:41,Enerji
SAT,YKBNK.IS,86,32.96,2024-05-22 21:28:41,Bankacılık
AL,ALARK.IS,82,114.7,2024-04-02 21:28:41,Enerji
AL,KZBGY.IS,100,24.86,2024-04-28 21:28:41,Gayrimenkul
AL,YAYLA.IS,89,16.06,2024-06-28 21:28:41,Tarım
AL,TRKCM.IS,20,85.24,2024-05-16 21:28:41,Cam
AL,IZMDC.IS,30,6.59,2024-01-24 21:28:41,Demir Çelik
AL,LOGO.IS,71,88.15,2024-01-05 21:28:41,Yazılım
AL,MPARK.IS,84,335.75,2023-11-04 21:28:41,Sağlık
SAT,INVEO.IS,27,3.92,2024-03-21 21:28:41,Finans
AL,GEDIK.IS,28,14.4,2024-03-25 21:28:41,Finans
SAT,TUPRS.IS,48,166.1,2024-07-17 21:28:41,Enerji
SAT,NTHOL.IS,98,30.24,2023-07-27 21:28:41,Holding
SAT,YKBNK.IS,29,32.96,2023-09-03 21:28:41,Bankacılık
AL,JANTS.IS,62,31.3,2024-04-09 21:28:41,Otomotiv
SAT,TAVHL.IS,88,244.5,2024-03-02 21:28:41,Havacılık
AL,YAYLA.IS,60,16.06,2023-12-29 21:28:41,Tarım
SAT,SASA.IS,73,44.2,2023-12-13 21:28:41,Tekstil
AL,ALARK.IS,46,114.7,2024-07-10 21:28:41,Enerji
AL,KCHOL.IS,19,221.9,2024-01-03 21:28:41,Holding
AL,OTKAR.IS,36,622.0,2024-04-05 21:28:41,Otomotiv
SAT,AVISA.IS,40,88.53,2023-10-10 21:28:41,Sigorta
SAT,KUTPO.IS,86,82.0,2023-10-23 21:28:41,Gıda
AL,CCOLA.IS,52,803.5,2023-10-06 21:28:41,İçecek
AL,LOGO.IS,96,88.15,2024-03-05 21:28:41,Yazılım
SAT,ISFIN.IS,50,15.43,2023-09-02 21:28:41,Finans
SAT,OTTO.IS,99,286.0,2023-09-28 21:28:41,Otomotiv
SAT,GSDHO.IS,75,4.1,2023-08-26 21:28:41,Holding
SAT,EREGL.IS,91,49.42,2024-07-19 21:28:41,Demir Çelik
SAT,AVISA.IS,41,92.04,2024-01-30 21:28:41,Sigorta
AL,AKGRT.IS,82,8.39,2023-09-20 21:28:41,Sigorta
AL,VAKKO.IS,31,108.5,2024-03-21 21:28:41,Giyim
SAT,ITTFH.IS,86,83.74,2023-12-04 21:28:41,Holding
AL,TTRAK.IS,80,953.5,2023-12-07 21:28:41,Tarım
AL,QNBFB.IS,39,345.0,2024-06-18 21:28:41,Bankacılık
AL,FLAP.IS,72,7.85,2023-08-04 21:28:41,Bilişim
AL,VERTU.IS,78,47.64,2023-10-30 21:28:41,Telekomünikasyon
SAT,RYGYO.IS,100,39.96,2023-11-19 21:28:41,Gayrimenkul
SAT,MRGYO.IS,15,5.86,2024-05-07 21:28:41,Gayrimenkul
AL,KOZAL.IS,25,21.8,2024-04-10 21:28:41,Madencilik
SAT,GENTS.IS,50,8.34,2023-11-10 21:28:41,İnşaat
AL,TMPOL.IS,14,80.0,2024-07-04 21:28:41,Makine
SAT,RTALB.IS,1,12.31,2024-02-15 21:28:41,Finans
SAT,HUBVC.IS,89,10.16,2024-04-30 21:28:41,Bilişim
SAT,INVEO.IS,93,3.92,2024-01-03 21:28:41,Finans
SAT,PETUN.IS,84,83.39,2024-06-01 21:28:41,Gıda
AL,GUSGR.IS,66,53.19,2023-12-26 21:28:41,Gayrimenkul
SAT,KCHOL.IS,88,221.9,2023-11-16 21:28:41,Holding
AL,TATGD.IS,17,24.18,2024-01-14 21:28:41,Gıda
SAT,HEKTS.IS,98,13.33,2024-03-16 21:28:41,Tarım
SAT,ENJSA.IS,97,62.4,2024-06-30 21:28:41,Enerji
AL,DAGI.IS,27,8.58,2023-09-08 21:28:41,Tekstil
AL,NTGAZ.IS,48,15.79,2024-05-26 21:28:41,Enerji
AL,KARTN.IS,5,113.5,2024-03-17 21:28:41,Ambalaj
SAT,GARAN.IS,30,103.0,2023-09-27 21:28:41,Bankacılık
AL,SAHOL.IS,94,95.1,2024-03-03 21:28:41,Holding
SAT,AGHOL.IS,21,347.0,2024-02-04 21:28:41,Holding
SAT,BIMAS.IS,92,526.0,2023-11-07 21:28:41,Perakende
SAT,MAVI.IS,66,104.9,2024-06-23 21:28:41,Tekstil
SAT,ODAS.IS,100,8.43,2024-07-09 21:28:41,Enerji
SAT,JANTS.IS,86,31.3,2023-11-05 21:28:41,Otomotiv
AL,DOHOL.IS,52,15.5,2024-02-05 21:28:41,Holding
AL,YESIL.IS,2,4.67,2024-07-06 21:28:41,Holding
SAT,ODAS.IS,95,8.43,2024-05-24 21:28:41,Enerji
SAT,KORDS.IS,12,91.65,2023-10-25 21:28:41,Tekstil
SAT,AYGAZ.IS,23,176.1,2024-03-31 21:28:41,Enerji
SAT,VAKKO.IS,24,108.5,2024-02-20 21:28:41,Giyim
SAT,ULUSE.IS,50,166.6,2023-10-28 21:28:41,Lojistik
AL,KOZAL.IS,86,21.8,2023-10-09 21:28:41,Madencilik
SAT,KORDS.IS,83,91.65,2024-04-11 21:28:41,Tekstil
SAT,EKGYO.IS,68,9.08,2024-01-27 21:28:41,Gayrimenkul
AL,TATGD.IS,20,24.18,2024-06-14 21:28:41,Gıda
SAT,KOZAL.IS,31,21.8,2023-11-13 21:28:41,Madencilik
AL,EKGYO.IS,79,9.08,2024-03-23 21:28:41,Gayrimenkul
SAT,TAVHL.IS,46,244.5,2023-07-25 21:28:41,Havacılık
SAT,VERTU.IS,88,47.64,2023-09-01 21:28:41,Telekomünikasyon
SAT,HEKTS.IS,27,13.33,2024-06-18 21:28:41,Tarım
AL,TAVHL.IS,49,244.5,2024-06-23 21:28:41,Havacılık
SAT,KRDMD.IS,44,29.3,2024-06-05 21:28:41,Demir Çelik
AL,ASELS.IS,36,60.15,2023-10-08 21:28:41,Savunma Sanayi
SAT,YESIL.IS,83,4.67,2023-08-12 21:28:41,Holding
AL,GARAN.IS,61,103.0,2024-04-23 21:28:41,Bankacılık
AL,CCOLA.IS,79,803.5,2023-12-15 21:28:41,İçecek
SAT,AGHOL.IS,91,347.0,2024-02-12 21:28:41,Holding
SAT,ALARK.IS,77,114.7,2023-11-21 21:28:41,Enerji
SAT,DOHOL.IS,72,15.5,2024-06-08 21:28:41,Holding
SAT,HEKTS.IS,31,13.33,2024-06-23 21:28:41,Tarım
AL,BRSAN.IS,75,474.5,2023-11-25 21:28:41,Çelik Boru
SAT,BRYAT.IS,82,2357.0,2023-07-31 21:28:41,Turizm
SAT,AVISA.IS,15,61.55,2024-01-14 21:28:41,Sigorta
SAT,DOHOL.IS,46,15.5,2024-04-21 21:28:41,Holding
SAT,COSMO.IS,67,123.0,2024-04-14 21:28:41,Giyim
AL,YESIL.IS,73,4.67,2023-09-06 21:28:41,Holding
AL,KZBGY.IS,41,24.86,2024-06-26 21:28:41,Gayrimenkul
SAT,AKBNK.IS,36,61.5,2023-12-11 21:28:41,Bankacılık
AL,PETUN.IS,100,83.39,2024-05-13 21:28:41,Gıda
AL,OTTO.IS,83,286.0,2023-11-02 21:28:41,Otomotiv
AL,CEMTS.IS,82,11.97,2024-05-02 21:28:41,Çelik
AL,KFEIN.IS,5,129.27,2023-10-13 21:28:41,Bilişim
SAT,SASA.IS,50,44.2,2023-09-23 21:28:41,Tekstil
AL,GUBRF.IS,76,143.0,2024-03-13 21:28:41,Gübre
AL,LOGO.IS,71,88.15,2024-07-15 21:28:41,Yazılım
AL,EREGL.IS,86,49.42,2024-05-24 21:28:41,Demir Çelik
SAT,PRKAB.IS,63,37.16,2024-03-05 21:28:41,Elektrik
AL,KONKA.IS,87,48.88,2023-10-01 21:28:41,Elektronik
AL,KOZAL.IS,4,21.8,2023-11-10 21:28:41,Madencilik
SAT,INVEO.IS,31,3.92,2024-03-20 21:28:41,Finans
AL,DOHOL.IS,45,15.5,2023-10-07 21:28:41,Holding
AL,VAKKO.IS,99,108.5,2024-01-27 21:28:41,Giyim
AL,ULUSE.IS,68,166.6,2023-08-07 21:28:41,Lojistik
AL,AKGRT.IS,67,8.39,2024-01-08 21:28:41,Sigorta
SAT,EKGYO.IS,95,9.08,2024-02-20 21:28:41,Gayrimenkul
AL,SAYAS.IS,75,65.4,2023-11-08 21:28:41,Makine
AL,BRSAN.IS,26,474.5,2024-01-21 21:28:41,Çelik Boru
SAT,ASELS.IS,17,60.15,2023-12-01 21:28:41,Savunma Sanayi
AL,RYGYO.IS,84,39.96,2023-08-13 21:28:41,Gayrimenkul
SAT,SAYAS.IS,28,65.4,2023-12-25 21:28:41,Makine
AL,LOGO.IS,65,88.15,2024-01-10 21:28:41,Yazılım
SAT,BJKAS.IS,99,31.6,2024-05-09 21:28:41,Spor
SAT,RTALB.IS,40,12.31,2023-09-01 21:28:41,Finans
SAT,VESTL.IS,26,86.7,2024-03-31 21:28:41,Elektronik
AL,VAKKO.IS,21,108.5,2024-02-12 21:28:41,Giyim
SAT,YKBNK.IS,99,32.96,2024-04-01 21:28:41,Bankacılık
AL,TATGD.IS,33,24.18,2024-03-31 21:28:41,Gıda
AL,VKGYO.IS,35,2.11,2024-04-29 21:28:41,Gayrimenkul
AL,MAVI.IS,85,104.9,2023-10-06 21:28:41,Tekstil
AL,SASA.IS,93,44.2,2023-11-05 21:28:41,Tekstil
SAT,TUPRS.IS,90,166.1,2023-12-17 21:28:41,Enerji
AL,BRSAN.IS,94,474.5,2024-05-07 21:28:41,Çelik Boru
AL,GSDHO.IS,98,4.1,2024-01-26 21:28:41,Holding
AL,ULKER.IS,80,154.6,2024-03-14 21:28:41,Gıda
SAT,VAKKO.IS,67,108.5,2023-10-19 21:28:41,Giyim
AL,KRDMD.IS,2,29.3,2023-07-22 21:28:41,Demir Çelik
AL,MGROS.IS,43,523.5,2023-10-30 21:28:41,Perakende
AL,EGSER.IS,63,3.5,2024-04-29 21:28:41,Seramik
AL,KUTPO.IS,53,82.0,2024-06-26 21:28:41,Gıda
SAT,HLGYO.IS,50,2.9,2023-12-30 21:28:41,Gayrimenkul
AL,TCELL.IS,39,97.1,2023-09-30 21:28:41,Telekomünikasyon
SAT,PETKM.IS,31,21.2,2023-12-06 21:28:41,Petrokimya
AL,ISFIN.IS,57,15.43,2024-03-01 21:28:41,Finans
SAT,ODAS.IS,78,8.43,2024-07-07 21:28:41,Enerji
SAT,BRYAT.IS,6,2357.0,2023-09-10 21:28:41,Turizm
AL,HLGYO.IS,30,2.9,2024-05-29 21:28:41,Gayrimenkul
AL,ALGYO.IS,9,43.28,2023-07-29 21:28:41,Gayrimenkul
AL,TCELL.IS,100,97.1,2023-12-16 21:28:41,Telekomünikasyon
SAT,AVISA.IS,86,58.15,2023-12-26 21:28:41,Sigorta
SAT,KZBGY.IS,51,24.86,2024-05-23 21:28:41,Gayrimenkul
SAT,HUBVC.IS,82,10.16,2024-06-04 21:28:41,Bilişim
AL,FROTO.IS,13,1057.0,2023-12-29 21:28:41,Otomotiv
SAT,PETUN.IS,99,83.39,2023-10-22 21:28:41,Gıda
SAT,BIMAS.IS,2,526.0,2024-01-30 21:28:41,Perakende
SAT,ALARK.IS,78,114.7,2023-11-16 21:28:41,Enerji
SAT,KRDMD.IS,4,29.3,2023-10-05 21:28:41,Demir Çelik
AL,DEVA.IS,52,89.68,2024-07-19 21:28:41,İlaç
AL,MPARK.IS,58,335.75,2023-08-31 21:28:41,Sağlık
AL,SAHOL.IS,84,95.1,2023-10-28 21:28:41,Holding
AL,TUPRS.IS,39,166.1,2024-06-20 21:28:41,Enerji
AL,GUBRF.IS,39,143.0,2024-05-24 21:28:41,Gübre
SAT,BRISA.IS,19,110.7,2023-11-18 21:28:41,Lastik
SAT,SASA.IS,25,44.2,2024-06-09 21:28:41,Tekstil
SAT,VESTL.IS,13,86.7,2023-12-06 21:28:41,Elektronik
AL,METRO.IS,30,2.7,2023-11-19 21:28:41,Ulaşım
AL,VAKKO.IS,40,108.5,2024-05-18 21:28:41,Giyim
SAT,PETUN.IS,23,83.39,2023-10-27 21:28:41,Gıda
SAT,HEKTS.IS,80,13.33,2023-08-12 21:28:41,Tarım
SAT,VAKBN.IS,89,23.84,2023-09-13 21:28:41,Bankacılık
AL,VAKBN.IS,97,23.84,2023-11-29 21:28:41,Bankacılık
SAT,CEMTS.IS,20,11.97,2023-11-05 21:28:41,Çelik
SAT,ISCTR.IS,26,16.31,2023-12-09 21:28:41,Bankacılık
SAT,TRKCM.IS,61,95.69,2024-04-15 21:28:41,Cam
AL,AYGAZ.IS,26,176.1,2023-11-25 21:28:41,Enerji
AL,TKNSA.IS,20,34.6,2023-10-31 21:28:41,Tekstil
SAT,GARAN.IS,58,103.0,2024-04-30 21:28:41,Bankacılık
AL,MPARK.IS,5,335.75,2023-08-12 21:28:41,Sağlık
SAT,AKBNK.IS,74,61.5,2024-04-21 21:28:41,Bankacılık
SAT,YESIL.IS,84,4.67,2023-11-24 21:28:41,Holding
SAT,KORDS.IS,7,91.65,2024-04-05 21:28:41,Tekstil
AL,KOZAL.IS,35,21.8,2023-09-11 21:28:41,Madencilik
SAT,YKBNK.IS,21,32.96,2024-02-11 21:28:41,Bankacılık
AL,MGROS.IS,78,523.5,2024-05-30 21:28:41,Perakende
SAT,GENTS.IS,22,8.34,2023-08-17 21:28:41,İnşaat
AL,OTTO.IS,43,286.0,2023-08-27 21:28:41,Otomotiv
AL,KONKA.IS,8,48.88,2024-04-04 21:28:41,Elektronik
AL,PRKAB.IS,9,37.16,2024-01-20 21:28:41,Elektrik
AL,KUTPO.IS,80,82.0,2024-04-06 21:28:41,Gıda
AL,MRGYO.IS,21,5.86,2024-04-06 21:28:41,Gayrimenkul
AL,MAVI.IS,67,104.9,2024-01-05 21:28:41,Tekstil
AL,ANELE.IS,58,18.51,2024-01-31 21:28:41,Elektrik
SAT,VERTU.IS,34,47.64,2024-07-11 21:28:41,Telekomünikasyon
SAT,AGHOL.IS,1,347.0,2024-01-11 21:28:41,Holding
AL,DEVA.IS,28,89.68,2024-05-27 21:28:41,İlaç
AL,KCHOL.IS,41,221.9,2024-05-02 21:28:41,Holding
AL,TATGD.IS,76,24.18,2024-06-23 21:28:41,Gıda
SAT,TKFEN.IS,63,53.25,2023-10-25 21:28:41,İnşaat
SAT,DOAS.IS,17,271.0,2023-12-18 21:28:41,Otomotiv
SAT,DAGI.IS,97,8.58,2024-05-11 21:28:41,Tekstil
SAT,TMSN.IS,85,135.0,2024-06-24 21:28:41,Makine
SAT,YESIL.IS,10,4.67,2023-08-09 21:28:41,Holding
SAT,GUSGR.IS,42,61.78,2023-08-02 21:28:41,Gayrimenkul
SAT,TCELL.IS,61,97.1,2023-11-25 21:28:41,Telekomünikasyon
AL,PRKAB.IS,89,37.16,2023-08-17 21:28:41,Elektrik
SAT,DEVA.IS,72,89.68,2024-02-09 21:28:41,İlaç
SAT,PRKAB.IS,13,37.16,2024-04-22 21:28:41,Elektrik
SAT,DOHOL.IS,60,15.5,2024-04-22 21:28:41,Holding
SAT,HLGYO.IS,60,2.9,2024-03-09 21:28:41,Gayrimenkul
AL,KOZAL.IS,62,21.8,2023-08-29 21:28:41,Madencilik
SAT,ECILC.IS,69,50.5,2023-11-11 21:28:41,İlaç
AL,OZRDN.IS,52,57.95,2023-08-21 21:28:41,Demir Çelik
AL,ULUSE.IS,71,166.6,2023-11-07 21:28:41,Lojistik
AL,TIRE.IS,45,42.2,2024-07-06 21:28:41,Gıda
AL,HLGYO.IS,33,2.9,2024-05-12 21:28:41,Gayrimenkul
SAT,LOGO.IS,84,88.15,2023-07-24 21:28:41,Yazılım
SAT,NUGYO.IS,22,8.07,2024-05-19 21:28:41,Gayrimenkul
SAT,KZBGY.IS,14,24.86,2023-08-22 21:28:41,Gayrimenkul
AL,FROTO.IS,4,1057.0,2023-11-10 21:28:41,Otomotiv
SAT,LOGO.IS,12,88.15,2024-05-03 21:28:41,Yazılım
SAT,AKBNK.IS,46,61.5,2024-04-22 21:28:41,Bankacılık
SAT,KOZAL.IS,13,21.8,2024-07-17 21:28:41,Madencilik
AL,SOKM.IS,63,62.92,2024-03-28 21:28:41,Perakende
SAT,KFEIN.IS,75,129.27,2024-02-18 21:28:41,Bilişim
AL,KFEIN.IS,88,129.27,2024-07-15 21:28:41,Bilişim
AL,KRDMD.IS,96,29.3,2024-03-06 21:28:41,Demir Çelik
SAT,OZRDN.IS,69,57.95,2024-06-08 21:28:41,Demir Çelik
SAT,QNBFB.IS,51,345.0,2023-07-31 21:28:41,Bankacılık
SAT,DOHOL.IS,94,15.5,2024-02-11 21:28:41,Holding
AL,SAHOL.IS,45,95.1,2024-07-02 21:28:41,Holding
AL,GLRYH.IS,14,11.84,2023-09-24 21:28:41,Holding
SAT,ISFIN.IS,58,15.43,2024-03-09 21:28:41,Finans
SAT,IZMDC.IS,32,6.59,2023-11-17 21:28:41,Demir Çelik
SAT,KZBGY.IS,39,24.86,2024-07-03 21:28:41,Gayrimenkul
SAT,GUBRF.IS,60,143.0,2024-05-10 21:28:41,Gübre
AL,GUSGR.IS,56,14.51,2024-05-05 21:28:41,Gayrimenkul
SAT,BRSAN.IS,22,474.5,2023-09-03 21:28:41,Çelik Boru
SAT,ZOREN.IS,30,5.38,2023-09-09 21:28:41,Enerji
AL,GUSGR.IS,3,42.79,2024-05-01 21:28:41,Gayrimenkul
AL,SISE.IS,59,48.1,2024-04-03 21:28:41,Cam
AL,SELEC.IS,37,47.34,2023-08-02 21:28:41,Elektronik
SAT,KRDMD.IS,81,29.3,2024-04-16 21:28:41,Demir Çelik
SAT,EREGL.IS,39,49.42,2023-10-20 21:28:41,Demir Çelik
AL,SAYAS.IS,86,65.4,2024-06-11 21:28:41,Makine
SAT,GSDHO.IS,59,4.1,2023-09-09 21:28:41,Holding
SAT,AYGAZ.IS,61,176.1,2024-07-09 21:28:41,Enerji
SAT,TSPOR.IS,84,2.01,2023-12-25 21:28:41,Spor
AL,FROTO.IS,50,1057.0,2024-04-15 21:28:41,Otomotiv
AL,VKGYO.IS,49,2.11,2024-04-11 21:28:41,Gayrimenkul
AL,OTKAR.IS,66,622.0,2024-05-08 21:28:41,Otomotiv
SAT,ASELS.IS,80,60.15,2023-11-24 21:28:41,Savunma Sanayi
SAT,INVEO.IS,34,3.92,2023-11-09 21:28:41,Finans
SAT,ENJSA.IS,17,62.4,2023-12-31 21:28:41,Enerji
SAT,PETUN.IS,38,83.39,2023-08-22 21:28:41,Gıda
AL,AYGAZ.IS,97,176.1,2024-03-08 21:28:41,Enerji
SAT,ENJSA.IS,48,62.4,2023-10-05 21:28:41,Enerji
SAT,GSDHO.IS,66,4.1,2024-03-04 21:28:41,Holding
SAT,AKSEN.IS,52,48.14,2024-07-17 21:28:41,Enerji
SAT,YESIL.IS,68,4.67,2024-01-08 21:28:41,Holding
SAT,NTHOL.IS,85,30.24,2023-08-11 21:28:41,Holding
SAT,ALGYO.IS,28,43.28,2024-01-07 21:28:41,Gayrimenkul
AL,LOGO.IS,100,88.15,2023-07-30 21:28:41,Yazılım
SAT,KARTN.IS,14,113.5,2024-03-15 21:28:41,Ambalaj
SAT,TOASO.IS,88,295.75,2024-02-25 21:28:41,Otomotiv
SAT,GSDHO.IS,14,4.1,2023-09-22 21:28:41,Holding
SAT,DOHOL.IS,91,15.5,2024-02-15 21:28:41,Holding
AL,GUBRF.IS,66,143.0,2024-05-13 21:28:41,Gübre
AL,PGSUS.IS,22,228.8,2023-12-06 21:28:41,Havacılık
AL,GARAN.IS,14,103.0,2024-01-26 21:28:41,Bankacılık
SAT,SELEC.IS,18,47.34,2024-03-25 21:28:41,Elektronik
AL,TCELL.IS,88,97.1,2024-03-15 21:28:41,Telekomünikasyon
SAT,ANELE.IS,50,18.51,2023-10-16 21:28:41,Elektrik
AL,MRGYO.IS,87,5.86,2024-02-17 21:28:41,Gayrimenkul
AL,BRYAT.IS,47,2357.0,2024-04-20 21:28:41,Turizm
SAT,VAKBN.IS,18,23.84,2024-05-07 21:28:41,Bankacılık
AL,ISGYO.IS,34,15.33,2024-06-14 21:28:41,Gayrimenkul
SAT,YESIL.IS,63,4.67,2023-07-31 21:28:41,Holding
SAT,BJKAS.IS,20,31.6,2024-07-04 21:28:41,Spor
SAT,BIMAS.IS,61,526.0,2023-10-30 21:28:41,Perakende
AL,SELEC.IS,64,47.34,2024-07-17 21:28:41,Elektronik
AL,ISCTR.IS,86,16.31,2024-02-27 21:28:41,Bankacılık
SAT,TRKCM.IS,87,53.12,2023-11-01 21:28:41,Cam
SAT,PETKM.IS,42,21.2,2024-06-29 21:28:41,Petrokimya
AL,THYAO.IS,80,309.5,2024-01-23 21:28:41,Havacılık
AL,EKGYO.IS,78,9.08,2024-04-06 21:28:41,Gayrimenkul
AL,YESIL.IS,79,4.67,2023-10-13 21:28:41,Holding
SAT,COSMO.IS,31,123.0,2023-12-07 21:28:41,Giyim
AL,BRSAN.IS,85,474.5,2024-05-18 21:28:41,Çelik Boru
SAT,PETKM.IS,61,21.2,2023-08-15 21:28:41,Petrokimya
SAT,DAGI.IS,83,8.58,2023-12-30 21:28:41,Tekstil
SAT,PETUN.IS,71,83.39,2023-08-22 21:28:41,Gıda
SAT,AKBNK.IS,90,61.5,2023-11-12 21:28:41,Bankacılık
AL,GSDHO.IS,12,4.1,2024-07-07 21:28:41,Holding
SAT,GARAN.IS,57,103.0,2024-06-22 21:28:41,Bankacılık
SAT,AKBNK.IS,18,61.5,2023-11-19 21:28:41,Bankacılık
SAT,ULUSE.IS,41,166.6,2024-06-01 21:28:41,Lojistik
AL,YESIL.IS,89,4.67,2023-12-30 21:28:41,Holding
AL,TSPOR.IS,68,2.01,2023-07-26 21:28:41,Spor
AL,GUSGR.IS,33,74.66,2024-02-10 21:28:41,Gayrimenkul
SAT,SAYAS.IS,22,65.4,2023-10-02 21:28:41,Makine
AL,CCOLA.IS,91,803.5,2023-10-14 21:28:41,İçecek
AL,ANELE.IS,27,18.51,2024-07-14 21:28:41,Elektrik
AL,HEKTS.IS,27,13.33,2023-12-26 21:28:41,Tarım
AL,VERTU.IS,76,47.64,2024-01-09 21:28:41,Telekomünikasyon
AL,BJKAS.IS,69,31.6,2023-11-06 21:28:41,Spor
SAT,BLCYT.IS,5,19.03,2023-09-10 21:28:41,Yazılım
SAT,THYAO.IS,69,309.5,2023-08-12 21:28:41,Havacılık
SAT,MPARK.IS,76,335.75,2024-05-18 21:28:41,Sağlık
SAT,PSDTC.IS,8,87.4,2024-05-25 21:28:41,Gübre
AL,METRO.IS,15,2.7,2024-04-30 21:28:41,Ulaşım
SAT,MPARK.IS,40,335.75,2024-06-27 21:28:41,Sağlık
SAT,JANTS.IS,92,31.3,2024-03-18 21:28:41,Otomotiv
SAT,ENJSA.IS,23,62.4,2024-06-27 21:28:41,Enerji
AL,KUTPO.IS,75,82.0,2024-03-19 21:28:41,Gıda
SAT,KORDS.IS,83,91.65,2023-09-23 21:28:41,Tekstil
AL,EREGL.IS,37,49.42,2023-08-14 21:28:41,Demir Çelik
AL,DAGI.IS,54,8.58,2024-06-27 21:28:41,Tekstil
AL,VAKKO.IS,40,108.5,2024-01-16 21:28:41,Giyim
SAT,TMPOL.IS,28,80.0,2023-09-24 21:28:41,Makine
SAT,GARAN.IS,96,103.0,2024-01-05 21:28:41,Bankacılık
AL,MGROS.IS,44,523.5,2023-09-30 21:28:41,Perakende
SAT,GUBRF.IS,81,143.0,2024-03-06 21:28:41,Gübre
AL,TATGD.IS,20,24.18,2023-12-16 21:28:41,Gıda
SAT,VAKKO.IS,20,108.5,2023-08-04 21:28:41,Giyim
SAT,OTTO.IS,4,286.0,2023-12-24 21:28:41,Otomotiv
SAT,PETUN.IS,97,83.39,2023-07-31 21:28:41,Gıda
SAT,ITTFH.IS,48,10.9,2024-06-05 21:28:41,Holding
AL,PETUN.IS,77,83.39,2024-03-20 21:28:41,Gıda
AL,GEDIK.IS,31,14.4,2024-02-25 21:28:41,Finans
AL,GENTS.IS,65,8.34,2023-11-10 21:28:41,İnşaat
AL,KARTN.IS,79,113.5,2024-05-04 21:28:41,Ambalaj
AL,KFEIN.IS,89,129.27,2024-06-02 21:28:41,Bilişim
AL,ISCTR.IS,49,16.31,2024-02-06 21:28:41,Bankacılık
AL,KUTPO.IS,36,82.0,2024-06-13 21:28:41,Gıda
AL,AVISA.IS,72,15.75,2024-04-06 21:28:41,Sigorta
SAT,KCHOL.IS,22,221.9,2024-01-09 21:28:41,Holding
AL,HUBVC.IS,61,10.16,2024-06-01 21:28:41,Bilişim
SAT,NUGYO.IS,7,8.07,2023-09-03 21:28:41,Gayrimenkul
SAT,TSPOR.IS,66,2.01,2023-10-24 21:28:41,Spor
AL,VAKBN.IS,9,23.84,2023-10-28 21:28:41,Bankacılık
SAT,BRISA.IS,55,110.7,2024-02-02 21:28:41,Lastik
SAT,AVISA.IS,14,97.1,2024-01-01 21:28:41,Sigorta
SAT,BRISA.IS,23,110.7,2024-03-04 21:28:41,Lastik
AL,CCOLA.IS,61,803.5,2023-11-04 21:28:41,İçecek
AL,SAYAS.IS,73,65.4,2024-04-05 21:28:41,Makine
SAT,YAYLA.IS,4,16.06,2024-06-08 21:28:41,Tarım
SAT,YAYLA.IS,74,16.06,2024-03-07 21:28:41,Tarım
AL,HEKTS.IS,69,13.33,2024-04-17 21:28:41,Tarım
AL,TMSN.IS,99,135.0,2024-02-02 21:28:41,Makine
SAT,TRILC.IS,47,25.38,2023-11-20 21:28:41,İlaç
SAT,BRSAN.IS,73,474.5,2024-01-17 21:28:41,Çelik Boru
SAT,TIRE.IS,84,12.47,2024-07-18 21:28:41,Gıda
SAT,AVISA.IS,97,29.15,2024-06-07 21:28:41,Sigorta
SAT,BRYAT.IS,88,2357.0,2024-04-26 21:28:41,Turizm
SAT,LOGO.IS,40,88.15,2024-04-10 21:28:41,Yazılım
SAT,KARTN.IS,36,113.5,2024-05-07 21:28:41,Ambalaj
SAT,ISCTR.IS,66,16.31,2024-01-11 21:28:41,Bankacılık
AL,SAYAS.IS,21,65.4,2023-11-07 21:28:41,Makine
AL,KONKA.IS,99,48.88,2023-11-10 21:28:41,Elektronik
AL,BLCYT.IS,92,19.03,2024-01-07 21:28:41,Yazılım
AL,MAKTK.IS,18,6.89,2023-10-04 21:28:41,Makine
SAT,ECILC.IS,9,50.5,2023-07-21 21:28:41,İlaç
AL,ENJSA.IS,75,62.4,2023-09-30 21:28:41,Enerji
AL,DEVA.IS,59,89.68,2024-01-09 21:28:41,İlaç
AL,TRILC.IS,28,25.38,2023-07-21 21:28:41,İlaç
AL,ENJSA.IS,58,62.4,2024-05-17 21:28:41,Enerji
AL,MPARK.IS,89,335.75,2023-10-13 21:28:41,Sağlık
SAT,COSMO.IS,81,123.0,2024-04-11 21:28:41,Giyim
AL,PRKAB.IS,18,37.16,2023-08-25 21:28:41,Elektrik
SAT,DOAS.IS,75,271.0,2024-07-02 21:28:41,Otomotiv
AL,DAGI.IS,64,8.58,2024-02-05 21:28:41,Tekstil
SAT,FLAP.IS,78,7.85,2023-11-20 21:28:41,Bilişim
AL,EREGL.IS,47,49.42,2023-10-19 21:28:41,Demir Çelik
SAT,HEKTS.IS,37,13.33,2023-11-20 21:28:41,Tarım
AL,AKGRT.IS,82,8.39,2024-04-23 21:28:41,Sigorta
SAT,GENTS.IS,23,8.34,2024-04-14 21:28:41,İnşaat
SAT,YESIL.IS,11,4.67,2023-10-01 21:28:41,Holding
AL,KOZAL.IS,25,21.8,2024-01-14 21:28:41,Madencilik
AL,PGSUS.IS,25,228.8,2023-09-16 21:28:41,Havacılık
SAT,ENJSA.IS,5,62.4,2023-09-11 21:28:41,Enerji
SAT,TCELL.IS,73,97.1,2023-09-24 21:28:41,Telekomünikasyon
AL,SAYAS.IS,90,65.4,2024-06-16 21:28:41,Makine
SAT,TCELL.IS,34,97.1,2024-03-06 21:28:41,Telekomünikasyon
SAT,PSDTC.IS,59,87.4,2024-04-12 21:28:41,Gübre
AL,TKNSA.IS,69,34.6,2023-10-28 21:28:41,Tekstil
SAT,SAYAS.IS,11,65.4,2024-01-20 21:28:41,Makine
AL,YKBNK.IS,97,32.96,2024-04-01 21:28:41,Bankacılık
SAT,EKGYO.IS,81,9.08,2024-05-04 21:28:41,Gayrimenkul
AL,TOASO.IS,51,295.75,2023-12-20 21:28:41,Otomotiv
AL,AKSEN.IS,30,48.14,2024-07-08 21:28:41,Enerji
SAT,ULUSE.IS,91,166.6,2024-07-04 21:28:41,Lojistik
AL,GUBRF.IS,5,143.0,2024-02-07 21:28:41,Gübre
SAT,HEKTS.IS,90,13.33,2024-07-10 21:28:41,Tarım
SAT,ULKER.IS,13,154.6,2024-01-22 21:28:41,Gıda
SAT,GEDIK.IS,86,14.4,2024-04-21 21:28:41,Finans
SAT,TAVHL.IS,54,244.5,2024-03-18 21:28:41,Havacılık
SAT,TUPRS.IS,27,166.1,2024-01-12 21:28:41,Enerji
SAT,TOASO.IS,92,295.75,2023-11-06 21:28:41,Otomotiv
SAT,TOASO.IS,65,295.75,2023-08-21 21:28:41,Otomotiv
SAT,DEVA.IS,18,89.68,2023-11-02 21:28:41,İlaç
SAT,KOZAL.IS,52,21.8,2023-12-15 21:28:41,Madencilik
AL,ASELS.IS,79,60.15,2023-12-15 21:28:41,Savunma Sanayi
AL,TMPOL.IS,10,80.0,2023-10-19 21:28:41,Makine
AL,VKGYO.IS,69,2.11,2024-03-26 21:28:41,Gayrimenkul
AL,METRO.IS,62,2.7,2024-02-29 21:28:41,Ulaşım
SAT,MRGYO.IS,58,5.86,2024-06-09 21:28:41,Gayrimenkul
AL,RYGYO.IS,60,39.96,2023-11-12 21:28:41,Gayrimenkul
AL,GARAN.IS,63,103.0,2024-01-03 21:28:41,Bankacılık
SAT,SELEC.IS,96,47.34,2024-07-11 21:28:41,Elektronik
AL,JANTS.IS,12,31.3,2024-02-04 21:28:41,Otomotiv
SAT,AKSEN.IS,24,48.14,2023-09-09 21:28:41,Enerji
SAT,MPARK.IS,40,335.75,2023-07-23 21:28:41,Sağlık
SAT,METRO.IS,48,2.7,2024-04-08 21:28:41,Ulaşım
AL,YKBNK.IS,88,32.96,2024-01-04 21:28:41,Bankacılık
SAT,EGSER.IS,15,3.5,2023-09-15 21:28:41,Seramik
AL,PGSUS.IS,24,228.8,2024-04-05 21:28:41,Havacılık
AL,PETKM.IS,41,21.2,2023-12-15 21:28:41,Petrokimya
AL,TTRAK.IS,6,953.5,2024-04-05 21:28:41,Tarım
SAT,BIMAS.IS,41,526.0,2024-03-24 21:28:41,Perakende
AL,INVEO.IS,87,3.92,2023-12-16 21:28:41,Finans
AL,TAVHL.IS,47,244.5,2023-09-30 21:28:41,Havacılık
AL,BRISA.IS,94,110.7,2023-09-18 21:28:41,Lastik
AL,VESTL.IS,29,86.7,2023-10-25 21:28:41,Elektronik
SAT,YAYLA.IS,86,16.06,2023-12-02 21:28:41,Tarım
AL,ITTFH.IS,30,51.48,2024-03-22 21:28:41,Holding
SAT,AKSEN.IS,41,48.14,2024-05-13 21:28:41,Enerji
SAT,KRDMD.IS,91,29.3,2023-11-09 21:28:41,Demir Çelik
AL,OTKAR.IS,36,622.0,2023-08-26 21:28:41,Otomotiv
SAT,TOASO.IS,23,295.75,2023-10-15 21:28:41,Otomotiv
AL,METRO.IS,80,2.7,2023-12-30 21:28:41,Ulaşım
AL,MPARK.IS,55,335.75,2023-12-24 21:28:41,Sağlık
SAT,ODAS.IS,61,8.43,2023-10-25 21:28:41,Enerji
AL,TRILC.IS,79,25.38,2024-06-23 21:28:41,İlaç
AL,VAKBN.IS,5,23.84,2024-05-29 21:28:41,Bankacılık
AL,TATGD.IS,75,24.18,2024-04-24 21:28:41,Gıda
AL,GEDIK.IS,31,14.4,2024-05-27 21:28:41,Finans
SAT,VESTL.IS,54,86.7,2024-06-28 21:28:41,Elektronik
AL,LUKSK.IS,92,117.6,2023-11-20 21:28:41,Yazılım
SAT,HUBVC.IS,7,10.16,2023-09-09 21:28:41,Bilişim
AL,RTALB.IS,23,12.31,2024-06-26 21:28:41,Finans
SAT,YAYLA.IS,97,16.06,2024-02-04 21:28:41,Tarım
AL,BRISA.IS,100,110.7,2024-03-12 21:28:41,Lastik
SAT,SAHOL.IS,20,95.1,2024-02-05 21:28:41,Holding
SAT,KRDMD.IS,39,29.3,2024-07-09 21:28:41,Demir Çelik
SAT,YAYLA.IS,47,16.06,2024-03-31 21:28:41,Tarım
SAT,KZBGY.IS,85,24.86,2024-02-17 21:28:41,Gayrimenkul
SAT,AKSEN.IS,69,48.14,2023-10-30 21:28:41,Enerji
SAT,SASA.IS,87,44.2,2023-08-09 21:28:41,Tekstil
AL,TAVHL.IS,64,244.5,2024-04-25 21:28:41,Havacılık
SAT,BRYAT.IS,62,2357.0,2023-08-06 21:28:41,Turizm
SAT,OZRDN.IS,41,57.95,2024-06-07 21:28:41,Demir Çelik
AL,SOKM.IS,49,62.92,2023-11-05 21:28:41,Perakende
AL,VKGYO.IS,24,2.11,2024-06-11 21:28:41,Gayrimenkul
SAT,AKSEN.IS,31,48.14,2024-05-06 21:28:41,Enerji
AL,RYGYO.IS,33,39.96,2023-09-08 21:28:41,Gayrimenkul
SAT,KONKA.IS,60,48.88,2023-11-22 21:28:41,Elektronik
AL,SAYAS.IS,7,65.4,2024-01-30 21:28:41,Makine
SAT,ENJSA.IS,51,62.4,2023-09-04 21:28:41,Enerji
AL,AKSEN.IS,18,48.14,2024-03-17 21:28:41,Enerji
SAT,ISGYO.IS,44,15.33,2024-03-30 21:28:41,Gayrimenkul
AL,OZRDN.IS,41,57.95,2023-09-19 21:28:41,Demir Çelik
AL,BRYAT.IS,42,2357.0,2024-01-31 21:28:41,Turizm
AL,TRKCM.IS,24,32.74,2024-03-20 21:28:41,Cam
AL,GLRYH.IS,26,11.84,2023-08-11 21:28:41,Holding
AL,PGSUS.IS,91,228.8,2024-05-12 21:28:41,Havacılık
AL,AYGAZ.IS,9,176.1,2023-10-11 21:28:41,Enerji
SAT,KONKA.IS,72,48.88,2023-08-31 21:28:41,Elektronik
AL,PSDTC.IS,99,87.4,2023-09-29 21:28:41,Gübre
AL,ISGYO.IS,20,15.33,2023-12-19 21:28:41,Gayrimenkul
SAT,TTRAK.IS,60,953.5,2023-12-31 21:28:41,Tarım
SAT,ANELE.IS,99,18.51,2023-12-16 21:28:41,Elektrik
SAT,DOAS.IS,9,271.0,2023-10-14 21:28:41,Otomotiv
SAT,YKBNK.IS,14,32.96,2023-10-01 21:28:41,Bankacılık
AL,KFEIN.IS,12,129.27,2024-07-04 21:28:41,Bilişim
AL,ALARK.IS,35,114.7,2024-06-23 21:28:41,Enerji
AL,MPARK.IS,68,335.75,2024-06-03 21:28:41,Sağlık
AL,KCHOL.IS,54,221.9,2023-11-10 21:28:41,Holding
AL,KUTPO.IS,98,82.0,2024-03-23 21:28:41,Gıda
AL,TIRE.IS,3,19.51,2024-03-21 21:28:41,Gıda
AL,EREGL.IS,79,49.42,2024-04-24 21:28:41,Demir Çelik
AL,VAKKO.IS,16,108.5,2023-10-09 21:28:41,Giyim
SAT,THYAO.IS,93,309.5,2024-01-04 21:28:41,Havacılık
AL,VKGYO.IS,29,2.11,2024-03-05 21:28:41,Gayrimenkul
AL,LUKSK.IS,20,117.6,2023-09-20 21:28:41,Yazılım
SAT,VAKKO.IS,62,108.5,2023-11-15 21:28:41,Giyim
SAT,FLAP.IS,51,7.85,2023-08-24 21:28:41,Bilişim
SAT,KFEIN.IS,84,129.27,2024-07-13 21:28:41,Bilişim
AL,KOZAL.IS,38,21.8,2024-07-01 21:28:41,Madencilik
SAT,NUGYO.IS,18,8.07,2024-04-23 21:28:41,Gayrimenkul
SAT,BRISA.IS,70,110.7,2024-05-23 21:28:41,Lastik
AL,HUBVC.IS,9,10.16,2024-04-29 21:28:41,Bilişim
SAT,ITTFH.IS,39,73.0,2024-02-11 21:28:41,Holding
SAT,GENTS.IS,95,8.34,2024-05-16 21:28:41,İnşaat
SAT,VKGYO.IS,61,2.11,2023-11-15 21:28:41,Gayrimenkul
SAT,ISGYO.IS,44,15.33,2023-12-15 21:28:41,Gayrimenkul
AL,DOHOL.IS,87,15.5,2024-04-30 21:28:41,Holding
AL,SISE.IS,86,48.1,2024-06-03 21:28:41,Cam
AL,YKBNK.IS,40,32.96,2024-01-26 21:28:41,Bankacılık
AL,IZMDC.IS,55,6.59,2024-05-20 21:28:41,Demir Çelik
SAT,TATGD.IS,89,24.18,2023-08-26 21:28:41,Gıda
AL,KRDMD.IS,48,29.3,2023-10-09 21:28:41,Demir Çelik
SAT,GUBRF.IS,15,143.0,2024-04-24 21:28:41,Gübre
AL,GLRYH.IS,82,11.84,2024-05-27 21:28:41,Holding
AL,TOASO.IS,23,295.75,2024-04-10 21:28:41,Otomotiv
AL,TOASO.IS,80,295.75,2023-11-15 21:28:41,Otomotiv
AL,OTKAR.IS,82,622.0,2024-07-06 21:28:41,Otomotiv
AL,CEMTS.IS,90,11.97,2023-09-10 21:28:41,Çelik
SAT,SOKM.IS,98,62.92,2024-04-23 21:28:41,Perakende
AL,GUBRF.IS,30,143.0,2023-12-06 21:28:41,Gübre
AL,KCHOL.IS,59,221.9,2024-05-04 21:28:41,Holding
AL,TATGD.IS,56,24.18,2024-03-24 21:28:41,Gıda
AL,ULKER.IS,45,154.6,2023-10-05 21:28:41,Gıda
AL,NTHOL.IS,44,30.24,2023-12-22 21:28:41,Holding
AL,PRKAB.IS,67,37.16,2024-04-18 21:28:41,Elektrik
SAT,HLGYO.IS,15,2.9,2024-03-10 21:28:41,Gayrimenkul
AL,OZRDN.IS,62,57.95,2023-10-26 21:28:41,Demir Çelik
AL,CEMTS.IS,24,11.97,2023-10-08 21:28:41,Çelik
SAT,HEKTS.IS,20,13.33,2023-12-09 21:28:41,Tarım
AL,VERTU.IS,86,47.64,2024-02-08 21:28:41,Telekomünikasyon
AL,QNBFB.IS,43,345.0,2023-11-12 21:28:41,Bankacılık
SAT,HUBVC.IS,91,10.16,2023-10-23 21:28:41,Bilişim
AL,TRKCM.IS,37,83.71,2024-05-05 21:28:41,Cam
SAT,SOKM.IS,70,62.92,2024-03-25 21:28:41,Perakende
SAT,YAYLA.IS,70,16.06,2023-09-21 21:28:41,Tarım
SAT,TKNSA.IS,4,34.6,2024-03-01 21:28:41,Tekstil
AL,GEDIK.IS,73,14.4,2023-08-27 21:28:41,Finans
SAT,BRISA.IS,36,110.7,2024-04-18 21:28:41,Lastik
SAT,HEKTS.IS,87,13.33,2023-11-17 21:28:41,Tarım
SAT,VAKBN.IS,18,23.84,2023-12-29 21:28:41,Bankacılık
AL,ALARK.IS,21,114.7,2024-03-11 21:28:41,Enerji
SAT,ISCTR.IS,94,16.31,2023-12-03 21:28:41,Bankacılık
SAT,PSDTC.IS,92,87.4,2024-02-28 21:28:41,Gübre
SAT,TSPOR.IS,17,2.01,2023-08-05 21:28:41,Spor
SAT,AGHOL.IS,71,347.0,2024-06-30 21:28:41,Holding
AL,PSDTC.IS,39,87.4,2023-07-23 21:28:41,Gübre
AL,ALGYO.IS,10,43.28,2024-02-06 21:28:41,Gayrimenkul
SAT,GENTS.IS,92,8.34,2023-10-01 21:28:41,İnşaat
AL,YAYLA.IS,35,16.06,2024-03-19 21:28:41,Tarım
SAT,TAVHL.IS,26,244.5,2023-09-19 21:28:41,Havacılık
SAT,SASA.IS,38,44.2,2023-09-25 21:28:41,Tekstil
AL,GUBRF.IS,65,143.0,2023-08-31 21:28:41,Gübre
SAT,AVISA.IS,5,87.51,2023-08-31 21:28:41,Sigorta
AL,TIRE.IS,59,59.14,2024-04-08 21:28:41,Gıda
SAT,TKNSA.IS,62,34.6,2024-05-28 21:28:41,Tekstil
AL,KORDS.IS,82,91.65,2023-08-06 21:28:41,Tekstil
AL,VAKBN.IS,96,23.84,2023-11-24 21:28:41,Bankacılık
AL,HEKTS.IS,10,13.33,2023-08-31 21:28:41,Tarım
SAT,SAYAS.IS,56,65.4,2023-11-16 21:28:41,Makine
AL,AKGRT.IS,100,8.39,2023-11-29 21:28:41,Sigorta
AL,KOZAL.IS,62,21.8,2024-04-17 21:28:41,Madencilik
SAT,HLGYO.IS,69,2.9,2024-06-28 21:28:41,Gayrimenkul
SAT,FLAP.IS,67,7.85,2024-03-26 21:28:41,Bilişim
SAT,MGROS.IS,33,523.5,2023-09-03 21:28:41,Perakende
SAT,KUTPO.IS,42,82.0,2024-03-23 21:28:41,Gıda
SAT,ODAS.IS,68,8.43,2023-11-18 21:28:41,Enerji
SAT,OZRDN.IS,38,57.95,2024-06-21 21:28:41,Demir Çelik
SAT,BRYAT.IS,47,2357.0,2024-04-01 21:28:41,Turizm
AL,GARAN.IS,51,103.0,2023-09-14 21:28:41,Bankacılık
SAT,MRGYO.IS,40,5.86,2024-03-21 21:28:41,Gayrimenkul
AL,TKNSA.IS,85,34.6,2024-01-03 21:28:41,Tekstil
AL,SOKM.IS,7,62.92,2024-02-27 21:28:41,Perakende
AL,JANTS.IS,84,31.3,2024-06-12 21:28:41,Otomotiv
SAT,YESIL.IS,9,4.67,2023-10-17 21:28:41,Holding
SAT,COSMO.IS,61,123.0,2023-08-18 21:28:41,Giyim
AL,KONKA.IS,80,48.88,2023-08-28 21:28:41,Elektronik
AL,INVEO.IS,86,3.92,2024-01-10 21:28:41,Finans
SAT,VKGYO.IS,7,2.11,2024-02-16 21:28:41,Gayrimenkul
SAT,FROTO.IS,4,1057.0,2023-09-24 21:28:41,Otomotiv
AL,ANELE.IS,33,18.51,2024-05-16 21:28:41,Elektrik
AL,GUSGR.IS,52,18.0,2024-03-10 21:28:41,Gayrimenkul
SAT,LOGO.IS,61,88.15,2024-01-29 21:28:41,Yazılım
SAT,TSPOR.IS,72,2.01,2024-06-18 21:28:41,Spor
SAT,AKBNK.IS,17,61.5,2023-10-07 21:28:41,Bankacılık
SAT,ZOREN.IS,64,5.38,2023-09-01 21:28:41,Enerji
SAT,PRKAB.IS,30,37.16,2023-12-01 21:28:41,Elektrik
AL,KONKA.IS,7,48.88,2024-04-17 21:28:41,Elektronik
SAT,ISCTR.IS,51,16.31,2024-02-29 21:28:41,Bankacılık
AL,AGHOL.IS,32,347.0,2023-10-31 21:28:41,Holding
SAT,DAGI.IS,29,8.58,2023-10-20 21:28:41,Tekstil
SAT,IZMDC.IS,22,6.59,2024-02-29 21:28:41,Demir Çelik
SAT,TCELL.IS,74,97.1,2023-09-15 21:28:41,Telekomünikasyon
AL,VERTU.IS,15,47.64,2024-01-11 21:28:41,Telekomünikasyon
AL,GARAN.IS,41,103.0,2023-11-06 21:28:41,Bankacılık
SAT,KARTN.IS,64,113.5,2024-05-09 21:28:41,Ambalaj
SAT,GLRYH.IS,44,11.84,2024-01-26 21:28:41,Holding
AL,YAYLA.IS,20,16.06,2024-04-27 21:28:41,Tarım
SAT,HUBVC.IS,24,10.16,2024-04-23 21:28:41,Bilişim
SAT,KOZAL.IS,47,21.8,2024-06-05 21:28:41,Madencilik
SAT,TAVHL.IS,70,244.5,2023-10-21 21:28:41,Havacılık
AL,JANTS.IS,28,31.3,2023-12-24 21:28:41,Otomotiv
SAT,QNBFB.IS,74,345.0,2024-04-03 21:28:41,Bankacılık
SAT,PRKAB.IS,73,37.16,2023-10-26 21:28:41,Elektrik
AL,VAKBN.IS,89,23.84,2023-12-08 21:28:41,Bankacılık
SAT,SAYAS.IS,63,65.4,2023-08-25 21:28:41,Makine
SAT,TTRAK.IS,11,953.5,2024-03-12 21:28:41,Tarım
SAT,GUBRF.IS,80,143.0,2024-02-01 21:28:41,Gübre
SAT,TATGD.IS,67,24.18,2023-12-03 21:28:41,Gıda
SAT,NUGYO.IS,40,8.07,2024-07-12 21:28:41,Gayrimenkul
AL,VAKBN.IS,94,23.84,2024-04-21 21:28:41,Bankacılık
AL,THYAO.IS,81,309.5,2024-02-13 21:28:41,Havacılık
SAT,ENJSA.IS,40,62.4,2024-05-04 21:28:41,Enerji
AL,KORDS.IS,2,91.65,2024-03-13 21:28:41,Tekstil
SAT,HUBVC.IS,60,10.16,2024-04-28 21:28:41,Bilişim
SAT,AVISA.IS,80,82.1,2024-06-10 21:28:41,Sigorta
SAT,EREGL.IS,63,49.42,2024-03-05 21:28:41,Demir Çelik
AL,LUKSK.IS,64,117.6,2024-01-12 21:28:41,Yazılım
SAT,TMPOL.IS,82,80.0,2024-04-02 21:28:41,Makine
AL,YAYLA.IS,45,16.06,2023-11-29 21:28:41,Tarım
AL,HUBVC.IS,12,10.16,2023-11-26 21:28:41,Bilişim
SAT,PETKM.IS,38,21.2,2024-02-11 21:28:41,Petrokimya
SAT,OTKAR.IS,62,622.0,2023-12-18 21:28:41,Otomotiv
AL,DOHOL.IS,85,15.5,2024-03-03 21:28:41,Holding
AL,ITTFH.IS,98,85.58,2024-05-13 21:28:41,Holding
AL,TSPOR.IS,74,2.01,2023-08-20 21:28:41,Spor
AL,GLRYH.IS,73,11.84,2023-09-27 21:28:41,Holding
AL,HLGYO.IS,94,2.9,2024-01-29 21:28:41,Gayrimenkul
AL,AKBNK.IS,29,61.5,2023-08-02 21:28:41,Bankacılık
SAT,OTTO.IS,55,286.0,2023-10-09 21:28:41,Otomotiv
SAT,BRYAT.IS,70,2357.0,2023-12-02 21:28:41,Turizm
SAT,TATGD.IS,10,24.18,2023-10-24 21:28:41,Gıda
SAT,KCHOL.IS,39,221.9,2023-12-25 21:28:41,Holding
AL,ITTFH.IS,6,38.12,2024-02-09 21:28:41,Holding
SAT,INVEO.IS,96,3.92,2023-08-16 21:28:41,Finans
AL,VAKKO.IS,3,108.5,2023-12-09 21:28:41,Giyim
AL,SELEC.IS,47,47.34,2024-05-27 21:28:41,Elektronik
AL,RYGYO.IS,22,39.96,2024-07-16 21:28:41,Gayrimenkul
SAT,MAKTK.IS,42,6.89,2024-02-22 21:28:41,Makine
AL,VAKKO.IS,15,108.5,2024-03-29 21:28:41,Giyim
AL,RTALB.IS,53,12.31,2024-03-25 21:28:41,Finans
AL,TMPOL.IS,49,80.0,2024-02-12 21:28:41,Makine
AL,OTKAR.IS,91,622.0,2024-03-08 21:28:41,Otomotiv
SAT,NTHOL.IS,44,30.24,2024-06-28 21:28:41,Holding
AL,OZRDN.IS,56,57.95,2024-04-10 21:28:41,Demir Çelik
SAT,VERTU.IS,37,47.64,2024-07-17 21:28:41,Telekomünikasyon
SAT,LOGO.IS,4,88.15,2024-03-05 21:28:41,Yazılım
AL,COSMO.IS,34,123.0,2024-05-18 21:28:41,Giyim
SAT,DAGI.IS,19,8.58,2024-03-15 21:28:41,Tekstil
AL,TSPOR.IS,69,2.01,2023-12-09 21:28:41,Spor
SAT,GARAN.IS,10,103.0,2024-06-20 21:28:41,Bankacılık
AL,EGSER.IS,47,3.5,2023-11-13 21:28:41,Seramik
SAT,AVISA.IS,24,19.36,2023-08-25 21:28:41,Sigorta
AL,ULUSE.IS,33,166.6,2024-01-09 21:28:41,Lojistik
AL,METRO.IS,30,2.7,2024-05-06 21:28:41,Ulaşım
SAT,MPARK.IS,93,335.75,2023-11-22 21:28:41,Sağlık
AL,ULUSE.IS,5,166.6,2024-07-02 21:28:41,Lojistik
SAT,FLAP.IS,81,7.85,2024-04-28 21:28:41,Bilişim
AL,MAVI.IS,77,104.9,2024-06-08 21:28:41,Tekstil
AL,KCHOL.IS,54,221.9,2023-09-18 21:28:41,Holding
SAT,HUBVC.IS,80,10.16,2024-01-13 21:28:41,Bilişim
SAT,MRGYO.IS,75,5.86,2024-04-17 21:28:41,Gayrimenkul
SAT,ISGYO.IS,4,15.33,2024-02-23 21:28:41,Gayrimenkul
AL,PRKAB.IS,56,37.16,2023-10-07 21:28:41,Elektrik
SAT,YKBNK.IS,80,32.96,2024-02-17 21:28:41,Bankacılık
AL,SAYAS.IS,23,65.4,2024-03-21 21:28:41,Makine
SAT,MPARK.IS,25,335.75,2024-07-02 21:28:41,Sağlık
SAT,TOASO.IS,68,295.75,2023-08-08 21:28:41,Otomotiv
SAT,SELEC.IS,71,47.34,2024-02-24 21:28:41,Elektronik
AL,GUSGR.IS,84,16.4,2023-10-11 21:28:41,Gayrimenkul
AL,HLGYO.IS,54,2.9,2023-10-20 21:28:41,Gayrimenkul
AL,TTRAK.IS,55,953.5,2023-09-03 21:28:41,Tarım
SAT,EREGL.IS,18,49.42,2024-03-10 21:28:41,Demir Çelik
SAT,OTKAR.IS,32,622.0,2023-08-26 21:28:41,Otomotiv
SAT,COSMO.IS,15,123.0,2024-02-15 21:28:41,Giyim
AL,JANTS.IS,81,31.3,2024-03-22 21:28:41,Otomotiv
SAT,AKGRT.IS,89,8.39,2023-10-07 21:28:41,Sigorta
SAT,SELEC.IS,75,47.34,2023-09-12 21:28:41,Elektronik
SAT,HEKTS.IS,99,13.33,2023-07-31 21:28:41,Tarım
AL,PGSUS.IS,62,228.8,2023-12-16 21:28:41,Havacılık
AL,ISFIN.IS,98,15.43,2023-08-16 21:28:41,Finans
SAT,METRO.IS,58,2.7,2023-10-25 21:28:41,Ulaşım
AL,DOHOL.IS,34,15.5,2024-05-01 21:28:41,Holding
SAT,TUPRS.IS,88,166.1,2024-07-09 21:28:41,Enerji
SAT,CCOLA.IS,16,803.5,2024-01-09 21:28:41,İçecek
SAT,ULUSE.IS,28,166.6,2024-04-20 21:28:41,Lojistik
SAT,YAYLA.IS,95,16.06,2024-03-28 21:28:41,Tarım
AL,ECILC.IS,23,50.5,2023-08-06 21:28:41,İlaç
AL,PETKM.IS,39,21.2,2024-06-27 21:28:41,Petrokimya
AL,KFEIN.IS,48,129.27,2024-05-16 21:28:41,Bilişim
AL,KONKA.IS,22,48.88,2024-03-21 21:28:41,Elektronik
AL,ALARK.IS,83,114.7,2023-10-08 21:28:41,Enerji
AL,NTGAZ.IS,44,15.79,2024-03-14 21:28:41,Enerji
SAT,BRISA.IS,40,110.7,2023-08-29 21:28:41,Lastik
AL,VAKBN.IS,21,23.84,2024-03-16 21:28:41,Bankacılık
AL,KORDS.IS,27,91.65,2023-08-09 21:28:41,Tekstil
SAT,TMSN.IS,21,135.0,2024-06-18 21:28:41,Makine
SAT,TSPOR.IS,38,2.01,2023-10-11 21:28:41,Spor
SAT,KARTN.IS,51,113.5,2024-05-18 21:28:41,Ambalaj
SAT,YKBNK.IS,2,32.96,2023-12-22 21:28:41,Bankacılık
AL,INVEO.IS,60,3.92,2023-11-29 21:28:41,Finans
SAT,PETKM.IS,81,21.2,2023-12-03 21:28:41,Petrokimya
AL,TRKCM.IS,69,51.44,2024-06-13 21:28:41,Cam
AL,COSMO.IS,24,123.0,2024-03-19 21:28:41,Giyim
AL,TSPOR.IS,32,2.01,2024-02-11 21:28:41,Spor
AL,BIMAS.IS,93,526.0,2023-11-02 21:28:41,Perakende
SAT,MAKTK.IS,93,6.89,2024-04-14 21:28:41,Makine
SAT,TRKCM.IS,47,55.34,2023-08-14 21:28:41,Cam
AL,MRGYO.IS,24,5.86,2024-04-16 21:28:41,Gayrimenkul
SAT,TSPOR.IS,6,2.01,2024-03-26 21:28:41,Spor
SAT,EREGL.IS,21,49.42,2023-12-19 21:28:41,Demir Çelik
SAT,DEVA.IS,98,89.68,2024-03-09 21:28:41,İlaç
AL,OTKAR.IS,69,622.0,2023-08-18 21:28:41,Otomotiv
SAT,GLRYH.IS,24,11.84,2023-11-05 21:28:41,Holding
SAT,GUSGR.IS,91,28.26,2024-07-04 21:28:41,Gayrimenkul
SAT,ALGYO.IS,79,43.28,2024-01-03 21:28:41,Gayrimenkul
SAT,AKGRT.IS,90,8.39,2024-03-16 21:28:41,Sigorta
SAT,TMSN.IS,27,135.0,2023-11-02 21:28:41,Makine
AL,PRKAB.IS,63,37.16,2024-01-18 21:28:41,Elektrik
AL,YESIL.IS,96,4.67,2024-03-10 21:28:41,Holding
SAT,ALARK.IS,11,114.7,2024-06-13 21:28:41,Enerji
SAT,ODAS.IS,11,8.43,2023-08-04 21:28:41,Enerji
SAT,CEMTS.IS,85,11.97,2024-07-13 21:28:41,Çelik
AL,KOZAL.IS,95,21.8,2023-09-18 21:28:41,Madencilik
SAT,TMSN.IS,46,135.0,2024-02-05 21:28:41,Makine
AL,KRDMD.IS,22,29.3,2023-11-02 21:28:41,Demir Çelik
AL,HUBVC.IS,94,10.16,2024-04-07 21:28:41,Bilişim
AL,ITTFH.IS,31,82.63,2023-10-26 21:28:41,Holding
AL,OTTO.IS,51,286.0,2024-03-24 21:28:41,Otomotiv
AL,AGHOL.IS,26,347.0,2024-04-11 21:28:41,Holding
AL,HUBVC.IS,32,10.16,2023-08-01 21:28:41,Bilişim
SAT,BRSAN.IS,71,474.5,2023-08-31 21:28:41,Çelik Boru
AL,KONKA.IS,11,48.88,2024-01-31 21:28:41,Elektronik
AL,PSDTC.IS,76,87.4,2024-01-05 21:28:41,Gübre
SAT,BJKAS.IS,56,31.6,2023-10-30 21:28:41,Spor
SAT,KONKA.IS,81,48.88,2023-12-06 21:28:41,Elektronik
AL,PGSUS.IS,38,228.8,2024-03-21 21:28:41,Havacılık
AL,KONKA.IS,85,48.88,2023-10-15 21:28:41,Elektronik
AL,OTKAR.IS,28,622.0,2023-10-26 21:28:41,Otomotiv
AL,GUSGR.IS,94,40.94,2024-03-09 21:28:41,Gayrimenkul
AL,YESIL.IS,50,4.67,2024-04-12 21:28:41,Holding
SAT,COSMO.IS,68,123.0,2024-07-16 21:28:41,Giyim
SAT,IZMDC.IS,90,6.59,2024-01-25 21:28:41,Demir Çelik
SAT,TSPOR.IS,60,2.01,2023-09-13 21:28:41,Spor
AL,SAYAS.IS,63,65.4,2024-06-10 21:28:41,Makine
SAT,VKGYO.IS,65,2.11,2023-11-23 21:28:41,Gayrimenkul
AL,HUBVC.IS,95,10.16,2024-03-26 21:28:41,Bilişim
SAT,KORDS.IS,6,91.65,2023-11-25 21:28:41,Tekstil
SAT,LOGO.IS,37,88.15,2023-12-08 21:28:41,Yazılım
AL,ULKER.IS,84,154.6,2024-05-30 21:28:41,Gıda
AL,EREGL.IS,70,49.42,2024-07-13 21:28:41,Demir Çelik
SAT,THYAO.IS,33,309.5,2024-03-21 21:28:41,Havacılık
SAT,YAYLA.IS,20,16.06,2024-02-18 21:28:41,Tarım
SAT,CEMTS.IS,47,11.97,2024-02-29 21:28:41,Çelik
SAT,TMPOL.IS,23,80.0,2024-03-09 21:28:41,Makine
AL,PGSUS.IS,12,228.8,2024-05-05 21:28:41,Havacılık
SAT,ITTFH.IS,84,13.25,2024-04-03 21:28:41,Holding
AL,METRO.IS,44,2.7,2024-02-07 21:28:41,Ulaşım
SAT,PETKM.IS,67,21.2,2023-09-11 21:28:41,Petrokimya
AL,RYGYO.IS,69,39.96,2023-10-01 21:28:41,Gayrimenkul
AL,LUKSK.IS,5,117.6,2023-08-17 21:28:41,Yazılım
AL,NTGAZ.IS,4,15.79,2024-02-13 21:28:41,Enerji
SAT,KZBGY.IS,72,24.86,2023-10-13 21:28:41,Gayrimenkul
AL,KUTPO.IS,61,82.0,2023-10-19 21:28:41,Gıda
AL,EKGYO.IS,61,9.08,2023-08-29 21:28:41,Gayrimenkul
AL,TTRAK.IS,98,953.5,2024-04-28 21:28:41,Tarım
AL,TKFEN.IS,44,53.25,2024-07-12 21:28:41,İnşaat
SAT,ITTFH.IS,39,94.3,2024-02-28 21:28:41,Holding
SAT,MGROS.IS,10,523.5,2024-05-23 21:28:41,Perakende
SAT,KONKA.IS,2,48.88,2024-06-20 21:28:41,Elektronik
SAT,AKGRT.IS,31,8.39,2024-06-05 21:28:41,Sigorta
SAT,VKGYO.IS,55,2.11,2023-09-26 21:28:41,Gayrimenkul
AL,ISCTR.IS,88,16.31,2023-10-15 21:28:41,Bankacılık
SAT,TMPOL.IS,82,80.0,2023-12-24 21:28:41,Makine
AL,ZOREN.IS,49,5.38,2024-04-17 21:28:41,Enerji
SAT,EGSER.IS,79,3.5,2023-10-19 21:28:41,Seramik
SAT,ALGYO.IS,38,43.28,2024-05-27 21:28:41,Gayrimenkul
SAT,NTGAZ.IS,48,15.79,2023-12-29 21:28:41,Enerji
SAT,GARAN.IS,2,103.0,2024-07-17 21:28:41,Bankacılık
SAT,INVEO.IS,65,3.92,2023-11-05 21:28:41,Finans
SAT,BIMAS.IS,44,526.0,2023-07-22 21:28:41,Perakende
SAT,ENJSA.IS,77,62.4,2024-05-22 21:28:41,Enerji
SAT,BLCYT.IS,90,19.03,2024-02-04 21:28:41,Yazılım
AL,PETKM.IS,58,21.2,2023-11-30 21:28:41,Petrokimya
AL,BJKAS.IS,38,31.6,2024-03-30 21:28:41,Spor
AL,FROTO.IS,62,1057.0,2023-09-10 21:28:41,Otomotiv
AL,AYGAZ.IS,23,176.1,2023-10-20 21:28:41,Enerji
AL,TMSN.IS,15,135.0,2024-01-11 21:28:41,Makine
AL,NUGYO.IS,72,8.07,2023-11-25 21:28:41,Gayrimenkul
AL,ITTFH.IS,37,46.3,2024-05-08 21:28:41,Holding
AL,MAVI.IS,7,104.9,2023-08-24 21:28:41,Tekstil
AL,YKBNK.IS,1,32.96,2023-12-04 21:28:41,Bankacılık
SAT,OZRDN.IS,80,57.95,2023-10-13 21:28:41,Demir Çelik
SAT,DOAS.IS,77,271.0,2023-11-25 21:28:41,Otomotiv
SAT,MRGYO.IS,7,5.86,2024-02-11 21:28:41,Gayrimenkul
SAT,BIMAS.IS,71,526.0,2023-09-13 21:28:41,Perakende
SAT,KONKA.IS,8,48.88,2023-12-02 21:28:41,Elektronik
AL,ALGYO.IS,90,43.28,2023-10-13 21:28:41,Gayrimenkul
AL,PETKM.IS,25,21.2,2024-02-15 21:28:41,Petrokimya
AL,SOKM.IS,58,62.92,2024-04-12 21:28:41,Perakende
AL,KARTN.IS,42,113.5,2023-09-26 21:28:41,Ambalaj
AL,GEDIK.IS,3,14.4,2023-11-23 21:28:41,Finans
AL,VAKBN.IS,29,23.84,2023-09-22 21:28:41,Bankacılık
AL,HEKTS.IS,35,13.33,2024-02-14 21:28:41,Tarım
AL,DOAS.IS,23,271.0,2023-11-05 21:28:41,Otomotiv
AL,SISE.IS,60,48.1,2023-11-29 21:28:41,Cam
